<?xml version="1.0" encoding="UTF-8"?>
<beans xmlns="http://www.springframework.org/schema/beans"
    xmlns:xsi="http://www.w3.org/2001/XMLSchema-instance" 
    xmlns:context="http://www.springframework.org/schema/context"
    xsi:schemaLocation="http://www.springframework.org/schema/beans
    http://www.springframework.org/schema/beans/spring-beans.xsd
    http://www.springframework.org/schema/context
    http://www.springframework.org/schema/context/spring-context.xsd">
    
    
    <!-- load properties file: sportsValues.properties -->
    <context:property-placeholder location="classpath:sportsValues.properties"/>
    

    <!-- Define your beans here -->
    
    <!-- Defining the existence of BoxerCoach class:
           this will basically create object of it which will later passed as argument when needed
           ==>basically,
           BoxerCoach b = new BoxerCoach();
     -->
    <bean id="boxerClassId"
          class="some.progs.BoxerCoach">
    </bean>
    
    <!-- specifying JumppingAndOtherCoach is object to be created 
         and BoxerCoach class is the argument required to create JumppingAndOtherCoach object-->
    <bean id="myCoach"
          class="some.progs.JumppingAndOtherCoach">
          
          <!-- Constructor injection:
                basically to create JumppingAndOtherCoach object, 
                we need to pass BoxerCoach as argument
                => basically this:                               BoxerCoach_object
                CoachInterface coach = new JumppingAndOtherCoach(boxerClassId);
          -->
          <constructor-arg ref="boxerClassId"/>
    </bean>
    
    
    
    
    
    <!-- uses Setter injection -->
    
    <bean id="otherCoach"
          class="some.progs.JumppingAndOtherCoachWithSetterInjection">
          
          <!-- Setter injection:
                basically to create JumppingAndOtherCoachWithSetterInjection object, 
                then calls setBoxerInterface function of JumppingAndOtherCoachWithSetterInjection object
                
                => basically this:
                CoachInterface coach = new JumppingAndOtherCoachWithSetterInjection();
                coach.setBoxerInterface(boxerClassId); 
          -->
          <!-- if name="boxerInterface" 
               then JumppingAndOtherCoachWithSetterInjection should have
               setBoxerInterface setter method-->
          <property name="boxerInterface" ref="boxerClassId"/> 
          
          
          <!-- injecting literal values 
               basically setting variables
               =>
               coach.setRank(value);
               coach.setLocation(value);
          -->
          <!-- hard coding the values -->
          <property name="rank" value="1"/>
          
          <!-- getting values from sportsValues.properties file -->
          <property name="loc" value="${loc}"/>
               
    </bean>
    
    
</beans>





